{
    "/culbuto/2": {
        "grasp": [
            {
                "grasp": [
                    0.019681302997669237, 
                    -0.0436373240278064, 
                    0.05674536248738077
                ], 
                "rise": [
                    0, 
                    0, 
                    0.3
                ], 
                "approach": [
                    [
                        0.0002313996370015836, 
                        0.0206966640410442, 
                        -0.015065165682514703
                    ], 
                    [
                        -0.35186649447295687, 
                        -0.08335575193606083, 
                        -0.04601386245982242, 
                        -0.9261086916302208
                    ]
                ]
            }
        ]
    }, 
    "/culbuto/1": {
        "grasp": [
            {
                "grasp": [
                    0.013024781784888084, 
                    -0.043371550243172574, 
                    0.0372942848155335
                ], 
                "rise": [
                    0, 
                    0, 
                    0.3
                ], 
                "approach": [
                    [
                        0.006119883817171878, 
                        0.00343598762455144, 
                        -0.01493234260541311
                    ], 
                    [
                        -0.2572137082637781, 
                        -0.25464549840286027, 
                        0.5386307808021347, 
                        -0.7546034408236196
                    ]
                ]
            }
        ]
    }
}