{
    "/culbuto/2": {
        "grasp": [
            {
                "grasp": [
                    0.012446972514659871, 
                    -0.05383755474899726, 
                    0.011694702546636737
                ], 
                "rise": [
                    0, 
                    0, 
                    0.3
                ], 
                "approach": [
                    [
                        -0.017351099922559565, 
                        0.062279264380036004, 
                        -0.005473606201157097
                    ], 
                    [
                        0.6230785083499741, 
                        -0.217519519276464, 
                        0.44211053669561073, 
                        0.6074509893883014
                    ]
                ]
            }
        ]
    }, 
    "/culbuto/1": {
        "grasp": [
            {
                "grasp": [
                    -0.057027387279820596, 
                    0.042665824599606134, 
                    0.005820956901694152
                ], 
                "rise": [
                    0, 
                    0, 
                    0.3
                ], 
                "approach": [
                    [
                        0.047695217316174265, 
                        -0.024473833807814906, 
                        -0.008369237547483976
                    ], 
                    [
                        -0.5433813938417685, 
                        -0.3826558776962618, 
                        0.26969001275131343, 
                        0.6968345837523255
                    ]
                ]
            }
        ]
    }, 
    "/table": {
        "place": {
            "/culbuto/2": [
                [
                    0.139, 
                    0.052, 
                    0.128
                ], 
                [
                    -0.035, 
                    -0.386, 
                    0.214, 
                    0.897
                ]
            ], 
            "/culbuto/1": [
                [
                    0.072, 
                    -0.025, 
                    0.334
                ], 
                [
                    0.332, 
                    -0.53, 
                    0.321, 
                    0.712
                ]
            ], 
            "via": [
                0, 
                0.2, 
                0
            ]
        }
    }
}