{"state": {"position": [0.00023144118313211948, 0.69813168048858643, 2.7925267219543457, 0.78539818525314331, -0.00055767566664144397, 0.26104390621185303, -6.5187377913389355e-05], "name": ["right_s0", "right_s1", "right_e0", "right_e1", "right_w0", "right_w1", "right_w2"]}, "pose": [[1.004239431802943, -0.8816842225230789, 0.34472792121354723], [0.5904860743003769, -0.058526241630256326, 0.748556210291898, 0.2959129519493833]]}