{
    "pick": {
        "name": [
            "left_s0",
            "left_s1",
            "left_e0",
            "left_e1",
            "left_w0",
            "left_w1",
            "left_w2"],
         "position": [
          1.447694366912842,
          -1.0914273293334962,
          -1.0806894638305664,
          1.8476798568969728,
          0.4490728751403809,
          1.1217234498596191,
          2.7021071547729494]},
         
    "hold":  {
         "name": ["right_s0",
                  "right_s1",
                  "right_e0",
                  "right_e1",
                  "right_w0",
                  "right_w1",
                  "right_w2"],
         "position": [
          0.07784952489624024,
          -0.9982379965759278,
          1.18768462366333,
          1.9378012280822756,
          -0.6715000891296388,
          1.0281506219055176,
          0.49777676510009766]}
}
